{
  "join_key": "prediction_seq",
  "rows_joined": 6316,
  "classifier_latency_ms": {
    "count": 6316,
    "mean_ms": 38.08828035134768,
    "median_ms": 39.03627395629883,
    "p90_ms": 47.05953598022461,
    "p95_ms": 48.86960983276367,
    "max_ms": 310.8069896697998
  },
  "publish_latency_ms": {
    "count": 6316,
    "mean_ms": 0.01925769827651253,
    "median_ms": 0.0,
    "p90_ms": 0.0,
    "p95_ms": 0.0,
    "max_ms": 1.5363693237304688
  },
  "control_latency_ms": {
    "count": 6316,
    "mean_ms": 41.54739555790124,
    "median_ms": 41.07987880706787,
    "p90_ms": 57.06977844238281,
    "p95_ms": 61.372220516204834,
    "max_ms": 266.1399841308594
  },
  "end_to_end_latency_ms": {
    "count": 6316,
    "mean_ms": 79.65493360752544,
    "median_ms": 76.07543468475342,
    "p90_ms": 94.08628940582275,
    "p95_ms": 101.55010223388672,
    "max_ms": 407.5312614440918
  },
  "per_label_end_to_end_ms": {
    "horn": {
      "count": 501,
      "mean_ms": 82.082276810667,
      "median_ms": 76.38430595397949,
      "p90_ms": 96.4665412902832,
      "p95_ms": 108.27922821044922,
      "max_ms": 281.57758712768555
    },
    "left_turn": {
      "count": 1128,
      "mean_ms": 79.22238808997135,
      "median_ms": 75.71685314178467,
      "p90_ms": 93.9809799194336,
      "p95_ms": 102.7022361755371,
      "max_ms": 288.6667251586914
    },
    "neutral": {
      "count": 3885,
      "mean_ms": 79.5213321921448,
      "median_ms": 76.06959342956543,
      "p90_ms": 94.0755844116211,
      "p95_ms": 100.71401596069336,
      "max_ms": 307.71350860595703
    },
    "right_turn": {
      "count": 802,
      "mean_ms": 79.3941529314417,
      "median_ms": 76.44474506378174,
      "p90_ms": 93.41306686401367,
      "p95_ms": 98.3503699302673,
      "max_ms": 407.5312614440918
    }
  }
}