{
  "join_key": "prediction_seq",
  "rows_joined": 950,
  "classifier_latency_ms": {
    "count": 950,
    "mean_ms": 37.93045495685778,
    "median_ms": 35.08448600769043,
    "p90_ms": 44.301629066467285,
    "p95_ms": 48.0818510055542,
    "max_ms": 1072.1282958984375
  },
  "publish_latency_ms": {
    "count": 950,
    "mean_ms": 0.008608918440969367,
    "median_ms": 0.0,
    "p90_ms": 0.0,
    "p95_ms": 0.0,
    "max_ms": 1.161336898803711
  },
  "control_latency_ms": {
    "count": 950,
    "mean_ms": 45.47157739338122,
    "median_ms": 40.396928787231445,
    "p90_ms": 59.01591777801514,
    "p95_ms": 68.3051466941833,
    "max_ms": 712.3978137969971
  },
  "end_to_end_latency_ms": {
    "count": 950,
    "mean_ms": 83.41064126867997,
    "median_ms": 73.98700714111328,
    "p90_ms": 95.08647918701172,
    "p95_ms": 121.52435779571528,
    "max_ms": 1784.5261096954346
  },
  "per_label_end_to_end_ms": {
    "horn": {
      "count": 11,
      "mean_ms": 76.37669823386453,
      "median_ms": 75.95467567443848,
      "p90_ms": 87.23068237304688,
      "p95_ms": 87.82148361206055,
      "max_ms": 88.41228485107422
    },
    "left_turn": {
      "count": 1,
      "mean_ms": 53.87091636657715,
      "median_ms": 53.87091636657715,
      "p90_ms": 53.87091636657715,
      "p95_ms": 53.87091636657715,
      "max_ms": 53.87091636657715
    },
    "neutral": {
      "count": 936,
      "mean_ms": 83.54896841905055,
      "median_ms": 73.98700714111328,
      "p90_ms": 95.26288509368896,
      "p95_ms": 122.1991777420044,
      "max_ms": 1784.5261096954346
    },
    "right_turn": {
      "count": 2,
      "mean_ms": 72.13008403778076,
      "median_ms": 72.13008403778076,
      "p90_ms": 85.88330745697021,
      "p95_ms": 87.6024603843689,
      "max_ms": 89.32161331176758
    }
  }
}