{
  "join_key": "prediction_seq",
  "rows_joined": 740,
  "classifier_latency_ms": {
    "count": 740,
    "mean_ms": 37.58190097035588,
    "median_ms": 38.04755210876465,
    "p90_ms": 45.462703704833984,
    "p95_ms": 47.429704666137695,
    "max_ms": 313.9352798461914
  },
  "publish_latency_ms": {
    "count": 740,
    "mean_ms": 0.013233842076482,
    "median_ms": 0.0,
    "p90_ms": 0.0,
    "p95_ms": 0.0,
    "max_ms": 1.5082359313964844
  },
  "control_latency_ms": {
    "count": 740,
    "mean_ms": 40.416778422690726,
    "median_ms": 40.2446985244751,
    "p90_ms": 55.991363525390625,
    "p95_ms": 59.93494987487793,
    "max_ms": 253.7858486175537
  },
  "end_to_end_latency_ms": {
    "count": 740,
    "mean_ms": 78.01191323512309,
    "median_ms": 74.75244998931885,
    "p90_ms": 92.51461029052734,
    "p95_ms": 96.91265821456909,
    "max_ms": 414.4113063812256
  },
  "per_label_end_to_end_ms": {
    "horn": {
      "count": 1,
      "mean_ms": 83.71353149414062,
      "median_ms": 83.71353149414062,
      "p90_ms": 83.71353149414062,
      "p95_ms": 83.71353149414062,
      "max_ms": 83.71353149414062
    },
    "left_turn": {
      "count": 161,
      "mean_ms": 75.14543859114558,
      "median_ms": 74.14746284484863,
      "p90_ms": 91.70246124267578,
      "p95_ms": 94.62523460388184,
      "max_ms": 245.38254737854004
    },
    "neutral": {
      "count": 531,
      "mean_ms": 78.47915800277796,
      "median_ms": 74.92876052856445,
      "p90_ms": 92.69833564758301,
      "p95_ms": 96.9696044921875,
      "max_ms": 296.01407051086426
    },
    "right_turn": {
      "count": 47,
      "mean_ms": 82.43093084781728,
      "median_ms": 74.62334632873535,
      "p90_ms": 92.65012741088867,
      "p95_ms": 98.45399856567381,
      "max_ms": 414.4113063812256
    }
  }
}