{
  "join_key": "prediction_seq",
  "rows_joined": 1097,
  "classifier_latency_ms": {
    "count": 1097,
    "mean_ms": 47.57435580438772,
    "median_ms": 45.2570915222168,
    "p90_ms": 59.40380096435547,
    "p95_ms": 64.62140083312988,
    "max_ms": 550.6722927093506
  },
  "publish_latency_ms": {
    "count": 1097,
    "mean_ms": 0.012768977538172289,
    "median_ms": 0.0,
    "p90_ms": 0.0,
    "p95_ms": 0.0,
    "max_ms": 1.5044212341308594
  },
  "control_latency_ms": {
    "count": 1097,
    "mean_ms": 67.81562850381856,
    "median_ms": 56.21957778930664,
    "p90_ms": 109.28931236267087,
    "p95_ms": 190.93322753906293,
    "max_ms": 318.62592697143555
  },
  "end_to_end_latency_ms": {
    "count": 1097,
    "mean_ms": 115.40275328574445,
    "median_ms": 103.18803787231445,
    "p90_ms": 174.62158203125,
    "p95_ms": 260.26763916015625,
    "max_ms": 794.7607040405273
  },
  "per_label_end_to_end_ms": {
    "horn": {
      "count": 54,
      "mean_ms": 156.7600921348289,
      "median_ms": 128.59034538269043,
      "p90_ms": 205.6964635848999,
      "p95_ms": 340.03270864486694,
      "max_ms": 794.7607040405273
    },
    "left_turn": {
      "count": 97,
      "mean_ms": 133.82098109451766,
      "median_ms": 118.06321144104004,
      "p90_ms": 182.39884376525882,
      "p95_ms": 273.0468749999995,
      "max_ms": 354.75873947143555
    },
    "neutral": {
      "count": 936,
      "mean_ms": 110.64955643099597,
      "median_ms": 96.40109539031982,
      "p90_ms": 164.66784477233887,
      "p95_ms": 246.7113733291626,
      "max_ms": 529.339075088501
    },
    "right_turn": {
      "count": 10,
      "mean_ms": 158.3155393600464,
      "median_ms": 122.33805656433105,
      "p90_ms": 322.441029548645,
      "p95_ms": 328.5261034965515,
      "max_ms": 334.611177444458
    }
  }
}