{
  "join_key": "prediction_seq",
  "rows_joined": 4461,
  "classifier_latency_ms": {
    "count": 4461,
    "mean_ms": 54.073960437445436,
    "median_ms": 53.57956886291504,
    "p90_ms": 64.15510177612305,
    "p95_ms": 68.64094734191895,
    "max_ms": 421.05603218078613
  },
  "publish_latency_ms": {
    "count": 4461,
    "mean_ms": 0.018070321851609346,
    "median_ms": 0.0,
    "p90_ms": 0.0,
    "p95_ms": 0.0,
    "max_ms": 1.5070438385009766
  },
  "control_latency_ms": {
    "count": 4461,
    "mean_ms": 89.20171928363006,
    "median_ms": 72.21698760986328,
    "p90_ms": 147.32956886291504,
    "p95_ms": 258.84199142456055,
    "max_ms": 404.59632873535156
  },
  "end_to_end_latency_ms": {
    "count": 4461,
    "mean_ms": 143.29375004292712,
    "median_ms": 126.37686729431152,
    "p90_ms": 205.2323818206787,
    "p95_ms": 308.7608814239502,
    "max_ms": 825.6523609161377
  },
  "per_label_end_to_end_ms": {
    "horn": {
      "count": 467,
      "mean_ms": 152.71886104689932,
      "median_ms": 132.99107551574707,
      "p90_ms": 224.40972328186038,
      "p95_ms": 316.7473554611206,
      "max_ms": 825.6523609161377
    },
    "left_turn": {
      "count": 594,
      "mean_ms": 141.94448748822967,
      "median_ms": 126.40595436096191,
      "p90_ms": 198.4312772750855,
      "p95_ms": 264.96810913086017,
      "max_ms": 357.2208881378174
    },
    "neutral": {
      "count": 3171,
      "mean_ms": 142.15742237219786,
      "median_ms": 125.1990795135498,
      "p90_ms": 205.63006401062012,
      "p95_ms": 311.54048442840576,
      "max_ms": 365.42820930480957
    },
    "right_turn": {
      "count": 229,
      "mean_ms": 143.3078555561049,
      "median_ms": 132.89237022399902,
      "p90_ms": 197.01604843139648,
      "p95_ms": 232.47575759887695,
      "max_ms": 350.4197597503662
    }
  }
}